{
  "Gender/single": {
    "gpt-4o": 88.4,
    "gpt-4o-mini": 88.34355828220859,
    "gemini-2.5-flash-lite": 88.4,
    "gemini-3.1-flash-lite": 88.4
  },
  "Gender/multi": {
    "gpt-4o": 85.8,
    "gpt-4o-mini": 85.77586206896551,
    "gemini-2.5-flash-lite": 86.8,
    "gemini-3.1-flash-lite": 86.6
  },
  "Language/single": {
    "gpt-4o": 94.19999999999999,
    "gpt-4o-mini": 94.19999999999999,
    "gemini-2.5-flash-lite": 94.0,
    "gemini-3.1-flash-lite": 94.19999999999999
  },
  "Language/multi": {
    "gpt-4o": 76.6,
    "gpt-4o-mini": 75.20161290322581,
    "gemini-2.5-flash-lite": 77.2,
    "gemini-3.1-flash-lite": 77.0
  },
  "Emotion/single": {
    "gpt-4o": 35.0,
    "gpt-4o-mini": 35.95744680851064,
    "gemini-2.5-flash-lite": 35.6,
    "gemini-3.1-flash-lite": 35.4
  },
  "Emotion/multi": {
    "gpt-4o": 34.2,
    "gpt-4o-mini": 32.91925465838509,
    "gemini-2.5-flash-lite": 34.0,
    "gemini-3.1-flash-lite": 35.0
  },
  "Animal/single": {
    "gpt-4o": 32.2,
    "gpt-4o-mini": 32.016632016632016,
    "gemini-2.5-flash-lite": 33.4,
    "gemini-3.1-flash-lite": 32.2
  },
  "Animal/multi": {
    "gpt-4o": 32.4,
    "gpt-4o-mini": 32.98538622129436,
    "gemini-2.5-flash-lite": 34.599999999999994,
    "gemini-3.1-flash-lite": 32.2
  },
  "overall": {
    "gpt-4o": 59.85,
    "gpt-4o-mini": 59.917141377524594,
    "gemini-2.5-flash-lite": 60.5,
    "gemini-3.1-flash-lite": 60.12499999999999
  }
}