{
  "Gender/single": {
    "gpt-4o": 1.0,
    "gpt-4o-mini": 1.0,
    "gemini-2.5-flash-lite": 1.0,
    "gemini-3.1-flash-lite": 1.0
  },
  "Gender/multi": {
    "gpt-4o": 1.0,
    "gpt-4o-mini": NaN,
    "gemini-2.5-flash-lite": 0.88390308176561,
    "gemini-3.1-flash-lite": 0.9645078002836466
  },
  "Language/single": {
    "gpt-4o": NaN,
    "gpt-4o-mini": NaN,
    "gemini-2.5-flash-lite": NaN,
    "gemini-3.1-flash-lite": NaN
  },
  "Language/multi": {
    "gpt-4o": NaN,
    "gpt-4o-mini": NaN,
    "gemini-2.5-flash-lite": NaN,
    "gemini-3.1-flash-lite": NaN
  },
  "Emotion/single": {
    "gpt-4o": 1.0,
    "gpt-4o-mini": NaN,
    "gemini-2.5-flash-lite": 0.9864029202285886,
    "gemini-3.1-flash-lite": 0.9909229294694707
  },
  "Emotion/multi": {
    "gpt-4o": 1.0,
    "gpt-4o-mini": 0.9122748125769273,
    "gemini-2.5-flash-lite": 0.8746425767430139,
    "gemini-3.1-flash-lite": 0.9815634502136176
  },
  "Animal/single": {
    "gpt-4o": 1.0,
    "gpt-4o-mini": 1.0,
    "gemini-2.5-flash-lite": 0.9628482972136222,
    "gemini-3.1-flash-lite": 1.0
  },
  "Animal/multi": {
    "gpt-4o": 1.0,
    "gpt-4o-mini": 0.9622209502003434,
    "gemini-2.5-flash-lite": 0.9089123725801925,
    "gemini-3.1-flash-lite": 0.9861038454587823
  }
}