{
  "Gender/single": {
    "gpt-4o": 1.0,
    "gpt-4o-mini": 1.0,
    "gemini-2.5-flash-lite": 1.0,
    "gemini-3.1-flash-lite": 1.0
  },
  "Gender/multi": {
    "gpt-4o": 1.0,
    "gpt-4o-mini": 0.9733353765994942,
    "gemini-2.5-flash-lite": 0.8900690028412934,
    "gemini-3.1-flash-lite": 0.9663786437144875
  },
  "Language/single": {
    "gpt-4o": 1.0,
    "gpt-4o-mini": 1.0,
    "gemini-2.5-flash-lite": 0.9819884726224783,
    "gemini-3.1-flash-lite": 1.0
  },
  "Language/multi": {
    "gpt-4o": 1.0,
    "gpt-4o-mini": 0.9504044084970223,
    "gemini-2.5-flash-lite": 0.9268215797532198,
    "gemini-3.1-flash-lite": 0.9663261870019082
  },
  "Emotion/single": {
    "gpt-4o": 1.0,
    "gpt-4o-mini": 0.9907365433510061,
    "gemini-2.5-flash-lite": 0.9868651488616462,
    "gemini-3.1-flash-lite": 0.9912319158263919
  },
  "Emotion/multi": {
    "gpt-4o": 1.0,
    "gpt-4o-mini": 0.9304615739007747,
    "gemini-2.5-flash-lite": 0.8798504805980775,
    "gemini-3.1-flash-lite": 0.9823243482103402
  },
  "Animal/single": {
    "gpt-4o": 1.0,
    "gpt-4o-mini": 0.995232384105304,
    "gemini-2.5-flash-lite": 0.9637109211982654,
    "gemini-3.1-flash-lite": 1.0
  },
  "Animal/multi": {
    "gpt-4o": 1.0,
    "gpt-4o-mini": 0.9858106306715513,
    "gemini-2.5-flash-lite": 0.9057856578852918,
    "gemini-3.1-flash-lite": 0.9862808224189654
  }
}